FMID,MarketName,Website,Facebook,Twitter,Youtube,OtherMedia,street,city,County,State,zip,Season1Date,Season1Time,Season2Date,Season2Time,Season3Date,Season3Time,Season4Date,Season4Time,long,lat,Location,Credit,WIC,WICcash,SFMNP,SNAP,Organic,Bakedgoods,Cheese,Crafts,Flowers,Eggs,Seafood,Herbs,Vegetables,Honey,Jams,Maple,Meat,Nursery,Nuts,Plants,Poultry,Prepared,Soap,Trees,Wine,Coffee,Beans,Fruits,Grains,Juices,Mushrooms,PetFood,Tofu,WildHarvested,updateTime
1000716,Milledgeville Marketplace Farmers' Market,http://www.milledgevillemarketplace.com,https://www.facebook.com/MilledgevilleMarketplaceFarmersMarket?ref=hl,,,,222 East Hancock Street,Milledgeville,Baldwin,Georgia,31061,04/01/2014 to 10/28/2014,Tue: 4:00 PM-7:00 PM;,,,,,,,-83.224579,33.081869,Local government building grounds,Y,N,N,N,N,-,Y,Y,Y,N,Y,N,Y,Y,Y,Y,Y,N,N,N,N,N,N,Y,Y,N,N,N,Y,N,Y,N,N,N,N,4/23/2014 8:15:22 AM
1006311,Auburn Farmer's Market,http://www.cityofauburn-ga.org/,,,,,corner of Fourth Avenue and Mt. Moriah Road,Auburn,Barrow,Georgia,30011,June to September,Wed:3:00 pm - 7:00 pm;,,,,,,,-83.828,34.0137,Local government building grounds,N,N,N,N,N,-,Y,Y,Y,N,N,N,Y,Y,Y,Y,N,N,N,N,Y,N,N,Y,N,N,N,N,N,N,N,N,N,N,N,2/19/2012 12:03:16 PM
1010467,Adairsville Farmers' Market,http://www.adairsvillefarmersmarket.com,Adairsville Farmers Market,,,,7446 Ga 140,Adairsville,Bartow,Georgia,30103,06/07/2014 to 09/27/2014,Sun: 8:00 AM-11:30 PM;,,,,,,,-84.929569,34.375727,Private business parking lot,N,N,N,N,N,Y,Y,N,N,Y,N,N,N,Y,Y,Y,N,N,N,N,N,N,N,Y,N,N,N,N,Y,N,N,N,N,N,N,8/7/2014 10:08:33 AM
1000048,Fitzgerald Farmers Market,http://www.fitzgeraldga.org,,,,,227 East Pine Street,Fitzgerald,Ben Hill,Georgia,31750,January to December,Mon:10:00 AM - 4:00 PM;Tue:10:00 AM - 4:00 PM;Wed:10:00 AM - 4:00 PM;Thu:10:00 AM - 4:00 PM;Fri:10:00 AM - 4:00 PM;Sat:10:00 AM - 4:00 PM;,,,,,,,-83.2518458,31.7136472,Local government building grounds,N,N,N,N,N,N,N,N,N,N,N,N,N,Y,N,Y,N,N,N,N,N,N,N,N,N,N,N,N,N,N,N,N,N,N,N,6/4/2012 2:16:06 PM
1002802,Berrien County farmer's market,http://www.Better hometown.com,,,,,Marion Street,Nashville,Berrien,Georgia,31639,,Thu: 10:00 AM-5:00 PM;Fri: 10:00 AM-5:00 PM;Sat: 8:00 AM-5:00 PM;,04/01/2014 to 12/01/2014,Thu: 9:00 AM-6:00 PM;Fri: 9:00 AM-6:00 PM;Sat: 9:00 AM-3:00 PM;,,,,,-83.245211,31.206709,Private business parking lot,N,N,N,N,N,N,Y,N,Y,Y,N,N,N,Y,Y,Y,Y,N,N,Y,Y,N,Y,Y,N,N,N,N,Y,N,Y,N,N,N,N,4/4/2014 2:09:32 PM
1006996,Macon State Farmers Market,,,,,,2055 Eisenhower Parkway,Macon,Bibb,Georgia,31206,,,,,,,,,-83.6832,32.8175,,N,N,N,N,N,-,N,N,N,N,N,N,N,N,N,N,N,N,N,N,N,N,N,N,N,N,N,N,N,N,N,N,N,N,N,Apr 16 2010  9:35AM
1010316,Mulberry Market,http://www.mulberrymarket.org,https://www.facebook.com/MulberryStreetMarket,,,https://www.instagram.com/mulberry_market/,1155 College Street,Macon,Bibb,Georgia,31201,01/01/2014 to 12/31/2014,Wed: 3:30 PM-6:00 PM;,,,,,,,-83.646551,32.833797,,Y,N,N,N,Y,Y,Y,Y,Y,Y,Y,N,Y,Y,Y,Y,N,Y,N,Y,Y,Y,Y,Y,N,N,Y,N,Y,N,N,Y,N,N,N,7/27/2018 1:13:05 PM
1000050,Mulberry Street Market,,https://www.facebook.com/mulberrystreetmarket,,,,500 Mulberry St,Macon,Bibb,Georgia,31201,January to December,Wed:4:00 PM - 7:00 PM;,,,,,,,-83.628616,32.838311,Local government building grounds,Y,N,N,N,Y,Y,Y,Y,N,Y,Y,N,Y,Y,Y,N,N,Y,N,N,Y,Y,N,Y,N,N,N,N,N,N,N,N,N,N,N,5/7/2012 10:36:35 AM
1008513,Main Street Statesboro Farmers Market,http://www.StatesboroFarmersMarket.com,https://www.facebook.com/TheMainStreetStatesboroFarmersMarket?ref=hl,n/a,n/a,n/a,2 East Main Street,Statesboro ,Bulloch,Georgia,30458,04/06/2013 to 11/23/2013,Sat: 9:00 AM-12:30 PM;,,,,,,,-81.782923,32.448625,Private business parking lot,Y,N,N,N,Y,Y,Y,Y,Y,Y,Y,N,Y,Y,Y,Y,N,Y,N,N,Y,Y,Y,Y,Y,N,N,N,Y,N,N,N,N,N,N,6/26/2013 6:16:18 AM
1010355,Royal District Market,,www.facebook.com/RoyalDistrictMarket,,,,200  E. King Avenue,Kingsland ,Camden,Georgia,,,,,,,,,,-81.688420,30.800758,,Y,N,N,N,N,-,N,N,N,N,N,N,N,N,N,N,N,N,N,N,N,N,N,N,N,N,N,N,N,N,N,N,N,N,N,7/18/2014 10:41:31 AM
1018221,Cotton Mill Farmers Market,http://www.cottonmillfarmersmarket.org,https://www.facebook.com/cottonmillfarmersmarket/?ref=settings,,,,609 Dixie Street,Carrollton,Carroll,Georgia,30117,01/01/2017 to 12/31/2017,Sat: 8:00 AM-12:00 PM;,,,,,,,-85.072740,33.571347,,Y,N,N,N,Y,Y,Y,Y,Y,Y,Y,N,N,Y,Y,Y,N,Y,N,N,Y,Y,Y,Y,Y,N,Y,Y,Y,N,Y,Y,N,N,N,6/20/2017 4:10:18 PM
1018697,Hwy 78 Farmer & Craft Market,http://www.downtownvillarica.com,https://www.facebook.com/Hwy-78-Farmer-Craft-Market-1384496728235287/,,,,106 Temple St.,Villa Rica,Carroll,Georgia,30180,,Tue: 4:00 PM-7:00 PM;,,,,,,,-84.9169182,33.7312773,,Y,N,N,N,Y,N,Y,Y,Y,N,Y,N,Y,Y,N,Y,N,Y,N,N,N,Y,N,Y,N,N,N,N,N,N,N,N,N,N,N,7/17/2017 4:56:04 PM
1001648,Forsyth Farmers' Market,http://www.forsythfarmersmarket.com,https://www.facebook.com/ForsythFarmersMarket,https://twitter.com/ForsythFarmMkt,http://www.youtube.com/channel/UCxAhEHi1QGnHER-tqSF6h2Q, http://instagram.com/forsythfarmersmarket,1 West Park Avenue,Savannah,Chatham,Georgia,31401,01/02/2016 to 12/17/2016,Sat: 9:00 AM-1:00 PM;,,,,,,,-81.09717,32.06498,,Y,N,N,N,Y,Y,Y,Y,N,Y,Y,Y,Y,Y,Y,Y,N,Y,N,Y,Y,Y,N,N,N,N,Y,Y,Y,Y,N,N,N,N,Y,7/8/2016 12:11:29 PM
1010683,Pooler Farmers' Market,http://www.poolerfarmersmarket.com,https://www.facebook.com/pages/Pooler-Farmers-Market/167081213455725?ref=tn_tnmn,@poolerfarmersmkt,,,200 Preston Stokes Drive,Pooler,Chatham,Georgia,31322,03/04/2015 to 12/09/2015,Wed: 4:00 PM-7:00 PM;,,,,,,,-81.263666,32.130564,,Y,N,N,N,Y,Y,Y,Y,N,N,Y,Y,Y,N,Y,Y,Y,Y,N,Y,N,Y,N,Y,N,N,Y,Y,Y,N,N,Y,N,N,Y,10/25/2014 8:25:49 AM
1005650,Savannah State Farmers Market,,,,,,701 U.S. Highway 80-West,Savannah,Chatham,Georgia,31408,,,,,,,,,-81.232,32.1098,,N,N,N,N,N,-,N,N,N,N,N,N,N,N,N,N,N,N,N,N,N,N,N,N,N,N,N,N,N,N,N,N,N,N,N,2009
1011693,Wilmington Island Farmers' Market,http://www.wifarmersmarket.org,https://www.facebook.com/Wilmington-Island-Farmers-Market-403703859682913/timeline/,https://twitter.com/WIMarket,https://www.youtube.com/results?search_query=wilmington+Island+farmers+market,https://instagram.com/explore/locations/138324566/,111 Walthour Road,Savannah ,Chatham,Georgia,31410,03/05/2016 to 06/25/2016,Sat: 9:00 AM-1:00 PM;,09/05/2015 to 12/19/2015,Sat: 9:00 AM-1:00 PM;,,,,,-80.9652990,32.0221290,,Y,N,N,N,Y,Y,Y,Y,Y,Y,Y,Y,Y,Y,Y,Y,N,Y,N,Y,Y,Y,Y,Y,Y,N,Y,N,Y,N,Y,N,Y,N,N,9/18/2015 7:57:27 AM
1001397,Canton Farmers Market,http://www.cantonhdl.com,,,,,130 E Main Street,Canton,Cherokee,Georgia,30114,May to September,Sat:8:00 AM - 12:00 PM;,,,,,,,-84.490904,34.236863,Local government building grounds,Y,N,N,N,N,Y,Y,N,Y,Y,Y,N,Y,Y,Y,Y,N,N,Y,N,Y,N,Y,Y,Y,N,N,N,N,N,N,N,N,N,N,7/19/2012 11:35:52 AM
1006228,Waleska Farmers Market at Reinhardt University,http://www.reinhardt.edu,,,,,7300 Reinhardt Circle,Waleska,Cherokee,Georgia,30143,05/15/2014 to 09/04/2014,Thu: 3:00 PM-7:00 PM;,,,,,,,-84.550095,34.315752,Educational institution,Y,N,N,N,N,-,N,N,N,N,N,N,N,N,N,N,N,N,N,N,N,N,N,N,N,N,N,N,N,N,N,N,N,N,N,3/31/2014 3:52:34 PM
1005140,Woodstock Farm Fresh Market ,http://www.visitwoodstockga.com,https://www.facebook.com/dtwoodstock,www.twitter.com/dtwoodstock,www.youtube.com/dtwoodstock,https://www.pinterest.com/downtownwoodstock,Market Street and Elm Street,Woodstock,Cherokee,Georgia,30188,04/21/2018 to 12/29/2018,Sat: 8:30 AM-12:00 PM;,,,,,,,-84.520920,34.100488,,Y,N,N,N,N,-,Y,Y,N,Y,Y,Y,Y,Y,Y,Y,N,Y,N,N,Y,Y,Y,Y,N,N,Y,N,Y,Y,Y,Y,Y,N,Y,7/27/2018 11:11:31 AM
1008974,Athens Farmers Market Downtown,http://www.athensfarmersmarket.net,https://www.facebook.com/AthensFarmersMarket,https://twitter.com/AthFarmersMkt ,,INSTAGRAM: athensfarmersmarket ,301 College Ave,Athens,Clarke,Georgia,30601,04/09/2014 to 10/29/2014,Wed: 4:00 PM-7:00 PM;,,,,,,,-83.376055,33.959569,Local government building grounds,Y,N,N,N,Y,Y,Y,N,N,Y,Y,N,Y,Y,Y,N,N,Y,N,Y,N,N,Y,N,N,N,N,N,Y,N,Y,N,N,Y,N,3/28/2014 11:40:14 AM
1018033,"Athens Farmers Market, L.L.C.",http://www.athensfarmersmarket.net/,https://www.facebook.com/AthensFarmersMarket,https://twitter.com/AthFarmersMkt,,https://www.instagram.com/athensfarmersmarket/,271 W Hancock Ave,Athens,Clarke,Georgia,30601,04/17/2019 to 11/13/2019,Wed: 4:00 PM-7:00 PM;,,,,,,,-83.380247,33.959088,,Y,N,N,N,Y,Y,Y,N,N,N,Y,N,Y,Y,N,Y,N,N,N,N,N,N,Y,Y,N,Y,N,N,Y,N,Y,N,N,N,N,12/31/2018 12:25:40 PM
1018032,"Athens Farmers Market, LLC",http://www.athensfarmersmarket.net/,https://www.facebook.com/AthensFarmersMarket,https://twitter.com/AthFarmersMkt,,https://www.instagram.com/athensfarmersmarket/,705 Sunset Dr,Athens,Clarke,Georgia,30606,03/23/2019 to 12/14/2019,Sat: 8:00 AM-12:00 PM;,,,,,,,-83.4121317,33.9644564,,Y,N,N,N,Y,Y,Y,N,Y,Y,Y,N,Y,Y,Y,Y,N,Y,N,N,Y,N,Y,Y,N,N,Y,Y,Y,Y,Y,Y,Y,N,N,12/31/2018 12:24:50 PM
1000297,Athens Locally Grown,http://www.athens.locallygrown.net,,,,,670 W. Broad Street,Athens,Clarke,Georgia,30603,January to December,Thu:4:30 PM - 8:00 PM;,,,,,,,-83.383849,33.956318,Private business parking lot,Y,N,N,N,Y,Y,Y,Y,Y,Y,Y,Y,Y,Y,Y,Y,N,Y,Y,Y,Y,Y,Y,Y,Y,N,N,N,N,N,N,N,N,N,N,5/7/2012 1:55:31 PM
1018010,West Broad Farmers Market and Garden,http://westbroadfm.org,,,,,,Athens-Clarke County unified government (balance),Clarke,Georgia,,04/29/2017 to 12/16/2017,Sat: 9:00 AM-1:00 PM;,,,,,,,-83.396828,33.952260,,Y,N,N,N,Y,Y,Y,Y,Y,Y,N,N,N,Y,Y,Y,N,Y,N,Y,Y,N,Y,Y,N,N,Y,N,Y,Y,Y,Y,N,N,N,5/22/2017 7:56:10 PM
1012564,White Oak Pastures,http://www.whiteoakpastures.com,whiteoakpastures,whiteoakpasture,White Oak Pastures,whiteoakpastures,101 Church St,Bluffton ,Clay,Georgia,39824,01/01/2016 to 12/31/2016,Mon: 8:00 AM-6:00 PM;Tue: 8:00 AM-6:00 PM;Wed: 8:00 AM-6:00 PM;Thu: 8:00 AM-6:00 PM;Fri: 8:00 AM-6:00 PM;Sat: 9:00 AM-6:00 PM;Sun: 11:00 AM-5:00 PM;,,,,,,,-84.8660495,31.5208669,,Y,N,N,N,N,Y,Y,Y,N,N,Y,N,N,Y,Y,Y,N,Y,N,Y,N,Y,N,Y,N,Y,Y,N,Y,N,N,N,Y,N,Y,7/14/2016 11:34:35 AM
1006095,Atlanta State Farmers Market,,,,,,16 Forest Parkway,Forest Park,Clayton,Georgia,30927,,,,,,,,,-84.4009,33.6168,,N,N,N,N,N,-,N,N,N,N,N,N,N,N,N,N,N,N,N,N,N,N,N,N,N,N,N,N,N,N,N,N,N,N,N,2009
1018195,Jonesboro Farmers Market ,,,,,,155 Lee Street,Jonesboro,Clayton,Georgia,30236,05/13/2017 to 09/30/2017,Tue: 11:00 AM-1:00 PM;Sat: 8:00 AM-12:00 PM;,,,,,,,-84.357020,33.523023,,Y,N,N,N,N,-,Y,N,N,N,N,N,Y,Y,Y,Y,N,N,N,N,Y,N,N,N,N,N,N,N,Y,N,N,N,N,N,N,6/20/2017 2:52:54 PM
1007519,Acworth Farmers Market,,,,,,Main and Lemon Streets,Acworth,Cobb,Georgia,,,,,,,,,,-84.6767,34.0657,,N,N,N,N,N,-,N,N,N,N,N,N,N,N,N,N,N,N,N,N,N,N,N,N,N,N,N,N,N,N,N,N,N,N,N,2009
1012801,F.A.R.M. (Farmer's Atlanta Road Market),http://www.FARMSmyrna.com,https://www.facebook.com/FARMSmyrna/?fref=ts,,,stbfarm@gmail.com,2160 Cooper Lake Road,Smyrna,Cobb,Georgia,30080,04/05/2016 to 10/25/2016,Tue: 4:30 PM-7:00 PM;,,,,,,,-84.4940793,33.8506111,,Y,N,N,N,N,Y,Y,N,N,N,N,Y,N,N,Y,Y,N,N,N,N,N,N,Y,N,N,N,N,N,Y,Y,Y,N,N,N,N,9/5/2016 9:15:23 PM
1018119,Kennesaw Farmers Market,,Kennesaw Farmers Market,,,,2820 Cherokee Street,Kennesaw ,Cobb,Georgia,30144,05/01/2017 to 10/30/2017,Mon: 3:30 PM-7:30 PM;,,,,,,,-84.6148266,34.0234637,,Y,N,N,N,N,N,Y,N,N,Y,Y,N,Y,Y,Y,Y,N,Y,N,N,Y,Y,N,Y,N,N,N,N,Y,N,Y,Y,Y,N,N,6/20/2017 1:16:02 PM
1011538,Mableton Farmers Market,http://www.mableton.org/community-projects/farmers-market,Mableton Farmers Market,,,,5239 Floyd Road,Mableton,Cobb,Georgia,30126,05/28/2015 to 08/27/2015,Thu: 8:30 AM-12:30 PM;,,,,,,,-84.5753731,33.8259244,,Y,Y,N,Y,Y,N,Y,N,Y,N,Y,N,Y,Y,Y,Y,N,N,N,N,N,N,N,Y,N,N,N,N,Y,N,N,N,N,N,N,7/28/2015 3:45:55 PM
1003238,Marietta Square Farmers Market,http://www.MariettaSquareFarmersMarket.com,https://www.facebook.com/mariettasquarefarmersmarket,,,,65 Church St,MARIETTA,Cobb,Georgia,30060,01/01/2018 to 12/31/2018,Sat: 9:00 AM-12:00 PM;Sun: 12:00 PM-3:00 PM;,,,,,,,-84.549494,33.953194,,Y,N,N,N,N,Y,Y,Y,N,Y,Y,Y,Y,Y,Y,Y,N,Y,N,Y,Y,Y,Y,Y,Y,N,N,Y,Y,Y,Y,Y,Y,N,Y,7/26/2018 4:30:44 PM
1009846,Smyrna Fresh Market,,,,,,1275 Church Street,"Smyrna, GA",Cobb,Georgia,30080,05/07/2016 to 09/24/2016,Sat: 8:00 AM-12:00 PM;,,,,,,,-84.515507,33.883265,,Y,N,N,N,N,-,Y,N,N,N,Y,N,Y,Y,Y,N,N,Y,N,Y,N,N,Y,Y,N,N,Y,N,Y,N,Y,N,Y,N,N,6/27/2016 1:46:38 PM
1008261,Evans Towne Farmers Market,http://www.evanstownefarmersmarket.com,https://www.facebook.com/EvansTowneFarmersMarket?ref=hl,,https://www.youtube.com/watch?v=blS1wHiU-HM,https://www.youtube.com/watch?v=Gv07Bhq6mf0,7022 Evans Town Center Blvd,Evans,Columbia,Georgia,30809,03/20/2014 to 10/30/2014,Thu: 4:30 PM-7:00 PM;,,,,,,,-82.1328615,33.5465178,Local government building grounds,Y,N,N,N,Y,Y,Y,Y,Y,Y,Y,N,Y,Y,Y,Y,N,Y,N,Y,Y,Y,Y,Y,N,N,Y,N,Y,Y,N,N,Y,N,Y,3/31/2014 5:01:26 PM
1001072,Cordele State Farmers Market,,,,,,1901 U.S. Highway 41-North,Cordele,Crisp,Georgia,31010,,,,,,,,,-83.8654,31.8985,,N,N,N,N,N,-,N,N,N,N,N,N,N,N,N,N,N,N,N,N,N,N,N,N,N,N,N,N,N,N,N,N,N,N,N,2009
1003213,Trenton Farmers Market,,,,,,"Veterans Park, Downtown",Trenton,Dade,Georgia,30752,May to November,Sat:9:00 AM - 12:00 PM;,,,,,,,-85.509544,34.874892,Other,N,N,N,N,N,N,Y,N,Y,Y,Y,N,Y,Y,Y,Y,N,Y,N,N,N,N,N,Y,N,N,N,N,N,N,N,N,N,N,N,6/5/2012 8:53:35 AM
1003563,Amicalola Regional Farmers Market,,https://www.facebook.com/amicalolafarmersmarket/,,,,186 Recreation Road,Dawsonville,Dawson,Georgia,30534,05/04/2018 to 09/28/2018,Fri: 3:30 PM-7:00 PM;,,,,,,,-84.099043,34.437795,,Y,N,N,N,N,-,Y,Y,Y,Y,Y,Y,Y,Y,Y,N,N,Y,N,N,Y,N,N,Y,Y,N,N,N,Y,N,N,Y,N,N,N,7/26/2018 4:05:11 PM
1018789,Amicalola Regional Farmers Market,,https://www.facebook.com/amicalolafarmersmarket,,,,6921 Hwy 53 East,Dawsonville,Dawson,Georgia,20534,04/28/2017 to 10/13/2017,Fri: 3:30 PM-7:00 PM;,,,,,,,-84.031570,34.357705,,Y,N,N,N,N,-,Y,Y,Y,Y,Y,Y,Y,Y,Y,Y,N,N,N,N,Y,N,N,Y,Y,N,N,N,Y,N,N,Y,N,N,Y,8/7/2017 1:22:22 PM
1010608,Bainbridge Farmers Market,http://www.thebainbridgefarmersmarket.com/,https://www.facebook.com/bainbridgemkt?fref=ts,https://twitter.com/@bainbridgemkt,,https://www.instagram.com/bainbridgefarmersmarket/,300 N Broad St,Bainbridge,Decatur,Georgia,39817,04/16/2016 to 06/30/2016,Sat: 9:00 AM-1:00 PM;,10/01/2016 to 12/17/2016,Sat: 9:00 AM-1:00 PM;,,,,,-84.5755207,30.9073968,,Y,N,N,N,N,-,Y,Y,Y,Y,Y,N,Y,N,Y,Y,N,N,N,N,Y,N,N,Y,Y,N,Y,N,Y,N,N,Y,Y,N,N,3/11/2016 9:58:09 PM
1012726,Brookhaven Farmers Market,http://www.brookhavenfarmersmarket.com,https://www.facebook.com/brookhavenmarket,,,,1375 Fernwood Circle NE,Brookhaven,DeKalb,Georgia,30319,04/16/2016 to 12/10/2016,Sat: 9:00 AM-12:00 PM;,,,,,,,-84.334721,33.860129,,Y,N,N,N,N,Y,Y,Y,N,Y,Y,Y,Y,Y,Y,Y,Y,Y,N,N,Y,Y,Y,Y,N,N,Y,N,Y,N,Y,Y,Y,N,N,7/24/2016 10:05:36 PM
1006246,Chamblee Farmers Market,http://www.chambleefarmersmarket.com,,,,,5435 Peachtree Road,Chamblee,DeKalb,Georgia,30341,,,,,,,,,-84.2997,33.8932,Private business parking lot,N,N,N,N,N,Y,Y,Y,N,N,N,N,Y,N,Y,Y,N,Y,N,N,Y,N,Y,N,N,N,N,N,N,N,N,N,N,N,N,6/16/2011 5:10:23 PM
1004198,Clarkston Farmers Market,http://www.clarkstonfarmersmarket.com,https://www.facebook.com/clarkstonfarmersmarket,https://twitter.com/ClarkstonMarket,,,3701 College Ave,Clarkston,DeKalb,Georgia,30021,04/27/2014 to 11/02/2014,Sun: 10:00 AM-2:00 PM;,,,,,,,-84.239409,33.805672,Other,Y,N,N,N,Y,-,Y,Y,Y,Y,Y,N,Y,Y,Y,Y,N,Y,N,Y,Y,N,Y,Y,N,N,N,N,Y,N,Y,Y,N,N,N,5/19/2014 2:35:20 PM
1018610,Decatur Farmers Market ,http://cfmatl.org/decatur,https://www.facebook.com/DecaturFarmersMarkets/,,,communityfarmersmarkets,308 Clairemont Avenue,Decatur,DeKalb,Georgia,30030,04/11/2018 to 12/12/2018,,04/14/2018 to 12/15/2018,Sat: 9:00 AM-1:00 PM;,,,,,-84.296924,33.778805,,Y,N,N,N,Y,Y,Y,Y,N,N,Y,N,Y,Y,Y,Y,N,Y,N,N,N,Y,Y,Y,Y,N,Y,N,Y,N,N,N,Y,N,Y,7/27/2018 8:41:25 AM
1002933,East Lake Farmers Market,http://www.elfmarket.org,https://www.facebook.com/pages/ELF-Market/101442739896056,https://twitter.com/ELFMarket,elfmarket,,2343 Hosea Williams Drive,Atlanta,DeKalb,Georgia,30317,04/15/2014 to 10/28/2014,Tue: 4:00 PM-8:30 PM;,,,,,,,-84.310406,33.750977,Other,Y,N,N,N,Y,Y,Y,Y,Y,Y,Y,Y,Y,Y,Y,Y,Y,Y,N,Y,Y,N,Y,Y,Y,Y,Y,Y,Y,Y,Y,Y,Y,Y,Y,5/12/2014 3:42:23 PM
1018896,Jazam natural farmer market,,,,,,3039 briarcliff rd ne,Atlanta ,DeKalb,Georgia,,02/01/2018 to 12/01/2018,Thu: 10:00 AM-7:00 PM;Fri: 11:00 AM-7:00 PM;Sat: 11:00 AM-7:00 PM;Sun: 12:00 AM-6:00 PM;,,,,,,,-84.3140666,33.8369363,,Y,N,N,N,Y,-,Y,Y,Y,N,Y,N,Y,Y,Y,Y,Y,Y,N,Y,N,N,Y,Y,N,N,Y,Y,Y,Y,Y,Y,Y,Y,Y,12/24/2017 10:32:13 PM
1018732,Lithonia Farmers Market,http://www.cityoflithoniaga.org/,https://www.facebook.com/LithoniaFarmersMarket,,,https://www.instagram.com/lithoniafarmersmarket/,6920 Main st,Lithonia ,DeKalb,Georgia,30058,06/04/2017 to 09/17/2017,Sun: 12:00 PM-4:00 PM;,,,,,,,-84.108364,33.710866,,Y,N,N,N,Y,Y,Y,Y,Y,Y,Y,Y,Y,Y,Y,Y,N,Y,N,Y,N,N,Y,Y,N,N,Y,Y,Y,Y,Y,N,Y,N,Y,7/25/2017 11:06:34 AM
1012366,Ponce City Farmers Market on the BeltLine ,http://cfmatl.org/poncecity/,https://www.facebook.com/pcfmbeltline/,,,,675 Ponce de Leon Avenue,Atlanta,DeKalb,Georgia,30308,04/10/2018 to 11/20/2018,Tue: 4:00 PM-8:00 PM;,,,,,,,-84.364596,33.772429,,Y,N,Y,N,Y,Y,Y,N,N,Y,Y,N,Y,Y,Y,Y,N,N,N,N,N,N,N,Y,N,N,Y,N,Y,N,Y,N,Y,N,N,7/26/2018 5:25:14 PM
1012424,Stone Mountain Farmers Market,http://www.stonemountaincity.org/departments/economic_development_downtown_development_authority/farmers_market.php,https://www.facebook.com/stonemountainfarmersmarket,,,https://www.pinterest.com/SMVGA/,922 Main Street,Stone Mountain,DeKalb,Georgia,30083,04/19/2016 to 11/22/2016,Tue: 4:00 PM-7:00 PM;,,,,,,,-84.170625,33.807084,,Y,N,N,N,Y,-,Y,Y,N,Y,Y,N,Y,Y,Y,Y,N,N,N,Y,N,N,Y,Y,Y,N,N,N,Y,N,Y,N,Y,N,N,7/11/2016 11:25:50 AM
1001297,The GROVE Farmer's Market,,,,,,"1879 Glenwood Ave, SE",Atlanta,DeKalb,Georgia,30016,,,,,,,,,-84.3256410,33.7388690,"Faith-based institution (e.g., church, mosque, synagogue, temple)",Y,Y,Y,Y,Y,-,Y,N,N,N,Y,N,Y,Y,N,Y,N,Y,Y,N,N,N,Y,N,N,N,N,N,N,N,N,N,N,N,N,6/27/2013 12:07:33 PM
1005006,Tucker Farmers Market,http://www.tuckerfarmersmarket.com,https://www.facebook.com/tuckerfarmersmarket,,,,2333 Main Street,Tucker,DeKalb,Georgia,30084,04/04/2013 to 12/19/2013,Thu: 4:00 PM-8:00 PM;,,,,,,,-84.214282,33.853283,Private business parking lot,Y,Y,Y,Y,Y,-,Y,Y,Y,Y,Y,Y,Y,Y,Y,Y,N,Y,N,N,Y,Y,Y,Y,Y,N,N,N,Y,N,N,N,N,N,N,6/12/2013 11:07:08 AM
1018816,Dodge County Farmer's Market,,www.facebook.com/DodgeCountyFarmersMarket,,,instagram,5401 Courthouse Circle,Eastman,Dodge,Georgia,31023,01/01/2017 to 12/16/2017,Sat: 9:00 AM-2:00 PM;,,,,,,,-83.176423,32.201081,,Y,N,N,N,Y,-,Y,Y,Y,N,Y,N,Y,Y,Y,Y,N,N,N,Y,Y,N,Y,Y,Y,N,N,N,Y,Y,N,N,N,N,N,8/10/2017 9:44:54 AM
1004425,Albany  Downtown Farmers Market,http://www.eastbaker.net,,,,,Corner of W. Broad Ave. & N. Jackson St.,Albany,Dougherty,Georgia,31702,May to December,Sat:8:00 AM - 2:00 PM;,,,,,,,-84.15366,31.57684,Local government building grounds,Y,N,Y,N,N,Y,Y,N,N,Y,N,N,N,Y,N,N,N,N,N,N,Y,N,N,Y,N,N,N,N,N,N,N,N,N,N,N,5/24/2012 6:23:23 PM
1010893,Douglasville Farmers and Artisans Market,,https://www.facebook.com/DouglasvilleFarmersAndArtisansMarket,,,,8700 hospital drive,douglasville,Douglas,Georgia,30135,04/15/2015 to 11/11/2015,Wed: 4:00 PM-7:00 PM;,,,,,,,-84.7305898,33.7434934,,Y,N,N,N,Y,Y,Y,Y,Y,Y,Y,N,Y,Y,Y,Y,N,Y,N,Y,N,Y,Y,Y,N,N,Y,N,Y,N,N,Y,N,N,Y,3/6/2015 5:57:53 PM
1016795,Peachtree City Farmers Market,http://www.ptcfarmersmarket.org,https://www.facebook.com/PeachtreeCityFarmersMarket/?fref=ts,,,,215 Northlake Dr,Peachtree City,Fayette,Georgia,30269,01/01/2017 to 12/31/2017,Wed: 9:00 AM-1:00 PM;Sat: 9:00 AM-1:00 PM;,,,,,,,-84.586675,33.401018,,Y,N,N,N,N,Y,Y,Y,Y,Y,Y,Y,Y,Y,Y,Y,Y,Y,N,Y,Y,Y,Y,Y,Y,N,Y,Y,Y,Y,Y,Y,Y,Y,Y,1/11/2017 10:12:59 PM
1005116,Ridge Ferry Park Farmer's Market,http://www.rfpra.com/spec-farmers.htm,,,,,393 Riverside Pkwy,Rome,Floyd,Georgia,30161,05/31/2014 to 10/04/2014,Wed: 7:00 AM-10:00 AM;Sat: 7:00 AM-10:00 AM;,,,,,,,-85.171650,34.268744,Local government building grounds,N,N,N,N,N,Y,Y,N,Y,Y,N,N,Y,Y,Y,Y,N,N,N,N,N,N,N,N,N,N,N,N,Y,N,N,N,N,N,N,5/12/2014 2:25:47 PM
1005909,Brookwood Farmers Market,http://www.brookwoodfarmersmarket.com,,,,,Caney Road,Cumming,Forsyth,Georgia,30041,June to September,Fri:4:00 PM - 7:00 PM;,,,,,,,-84.1899215,34.1048891,Local government building grounds,Y,N,N,N,N,Y,Y,Y,Y,N,Y,N,Y,Y,Y,Y,Y,Y,N,Y,N,Y,Y,Y,N,N,N,N,N,N,N,N,N,N,N,5/14/2012 3:18:29 PM
1008041,The Cumming Harvest,http://www.cumming.locallygrown.net,https://www.facebook.com/thecummingharvest,https://twitter.com/cummingharvest,,,"106 Colony Park Drive, Suite 100",Cumming,Forsyth,Georgia,30040,01/01/2013 to 12/31/2013,Sat: 9:30 AM-12:00 PM;,,,,,,,-84.1347550,34.1921340,Other,Y,N,N,N,N,Y,Y,Y,Y,Y,Y,Y,Y,Y,Y,Y,N,Y,N,N,Y,Y,Y,Y,N,N,N,N,Y,N,N,N,N,N,N,6/24/2013 7:11:35 PM
1002301,Lavonia Georgia Farmers Market,http://www.LavoniaEvents.com,,,,,East Main Street,Lavonia,Franklin,Georgia,30553,01/01/2014 to 12/31/2014,Wed: 7:00 AM-11:00 AM;Sat: 7:00 AM-11:00 AM;,,,,,,,-83.1038038,34.4314028,Other,N,Y,N,N,N,Y,Y,N,Y,Y,Y,N,Y,Y,Y,Y,Y,N,N,Y,N,N,N,Y,Y,N,N,Y,Y,N,N,Y,N,N,N,3/13/2014 3:42:46 PM
1002940,Common Ground Farmers Market,http://riverside-farmers-market.org/,,,,,7741 Roswell Road,Atlanta,Fulton,Georgia,30350,,,,,,,,,-84.3625380,33.9646080,Local government building grounds,Y,Y,N,N,N,Y,Y,Y,Y,Y,Y,N,Y,Y,Y,Y,N,N,N,N,N,N,Y,Y,N,N,N,N,Y,N,N,N,N,N,N,6/24/2013 3:25:49 PM
1018159,East Atlanta Village Farmers Market ,http://cfmatl.org/eav,https://www.facebook.com/EAVFarmersMarket,,,https://www.instagram.com/communityfarmersmarkets/?hl=en,572 Stokeswood Avenue,Atlanta,Fulton,Georgia,30316,04/13/2017 to 11/15/2018,Thu: 4:00 PM-8:00 PM;,,,,,,,-84.344531,33.738679,,Y,N,N,Y,Y,Y,Y,Y,N,Y,Y,N,Y,Y,Y,Y,N,Y,N,N,N,Y,Y,Y,Y,N,N,N,Y,Y,N,Y,Y,N,Y,7/27/2018 8:32:40 AM
1012717,East Point Farmers Market ,http://www.downtowneastpoint.com/eastpointfarmersmarket/,https://www.facebook.com/search/top/?q=East%20Point%20Farmers%20Market,,,,2757 East Point St.,East Point ,Fulton,Georgia,30344,01/01/2016 to 12/31/2016,Wed: 4:00 PM-7:00 PM;,,,,,,,-84.441926,33.680029,,Y,N,Y,Y,Y,Y,Y,N,Y,Y,Y,N,Y,Y,Y,Y,N,Y,N,Y,Y,Y,Y,Y,N,N,N,Y,Y,N,Y,N,N,N,Y,7/21/2016 2:39:27 PM
1012567,Emory Farmers Market,http://www.emory.edu/dining/emory_farmers_market.php,https://www.facebook.com/EmoryFarmersMarket/,https://twitter.com/emoryfarmersmkt,,@EMORYFARMERSMKT,"569 Asbury Circle, Cox Hall Bridge",Atlanta,Fulton,Georgia,30322,01/01/2016 to 12/31/2016,Tue: 11:00 AM-3:00 PM;,,,,,,,-84.323671,33.792144,,Y,N,N,N,N,Y,Y,N,N,Y,N,N,Y,Y,Y,Y,N,Y,N,N,N,N,Y,Y,N,N,Y,N,Y,N,N,Y,N,N,N,7/14/2016 11:01:11 AM
1012685,Fairburn Farmers Market,http://www.fairburnfarmersmarket.com,Fairburn Farmers Market,,,,15 West Broad Street,Fairburn,Fulton,Georgia,30213,06/03/2016 to 08/26/2016,Fri: 4:00 PM-7:00 PM;,,,,,,,-84.5820820,33.5667880,,Y,N,N,N,N,-,Y,Y,Y,N,Y,N,Y,Y,Y,Y,N,Y,N,Y,N,N,Y,Y,N,N,Y,N,Y,N,N,N,N,N,N,7/18/2016 10:11:12 AM
1012429,Freedom Farmers Market at the Carter Center,http://www.freedomfarmersmkt.com,https://www.facebook.com/freedomfarmersmkt/,https://twitter.com/freedomfarmersm,,https://www.instagram.com/freedomfarmersmkt/,453 Freedom Pkwy NE,Atlanta,Fulton,Georgia,30307,01/01/2019 to 02/01/2019,Sat: 9:00 AM-12:00 PM;,03/01/2019 to 06/01/2019,Sat: 9:00 AM-1:00 PM;,07/01/2019 to 09/01/2019,Sat: 9:00 AM-1:00 PM;,10/01/2019 to 12/01/2019,Sat: 9:00 AM-1:00 PM;,-84.356820,33.767590,,Y,N,N,N,Y,Y,Y,Y,N,Y,Y,Y,Y,Y,Y,Y,N,Y,N,Y,Y,Y,Y,N,Y,N,Y,Y,Y,Y,Y,Y,N,Y,Y,12/21/2018 6:32:09 PM
1018611,Grant Park Farmers Market ,http://cfmatl.org/grantpark/,https://www.facebook.com/grantparkfarmersmarket,,,communityfarmersmarkets,600 Cherokee Avenue SE,Atlanta,Fulton,Georgia,30312,01/14/2018 to 12/16/2018,Sun: 9:00 AM-1:00 PM;,,,,,,,-84.373629,33.738909,,Y,N,N,N,Y,Y,Y,Y,Y,Y,Y,N,Y,Y,Y,Y,N,Y,N,N,N,Y,Y,Y,Y,N,Y,N,Y,N,Y,Y,Y,Y,Y,7/27/2018 8:43:13 AM
1004849,Green Market at Piedmont Park,http://www.piedmontpark.org/programs/green_market.html,https://www.facebook.com/greenmarketatl?ref=hl,,,https://www.facebook.com/pages/Piedmont-Park-Conservancy/112803705441290?ref=hl,1071 Piedmont Ave NE,Atlanta,Fulton,Georgia,30309,03/30/2019 to 11/23/2019,Sat: 9:00 AM-1:00 PM;,,,,,,,-84.378551,33.784257,,Y,N,N,N,N,Y,Y,Y,Y,Y,Y,N,Y,Y,Y,Y,N,Y,N,Y,Y,Y,Y,Y,N,N,Y,N,Y,N,Y,Y,Y,N,Y,1/2/2019 12:41:39 PM
1006858,Midday Market @Atlanta Federal Center,http://www.staging.gsa.gov/portal/content/134303,,,,,61 Forsyth Street,Atlanta,Fulton,Georgia,30303,May to October,Wed:11:00 AM - 2:00 PM;,,,,,,,-84.3929595,33.7534749,Federal/State government building grounds,Y,N,N,N,N,-,N,N,N,N,N,N,N,Y,Y,Y,N,N,N,Y,N,N,N,N,N,N,N,N,N,N,N,N,N,N,N,5/23/2012 5:07:09 PM
1004968,Morningside Farmers Market,http://www.morningsidemarket.com,,,,,1393 N. Highland Ave Atlanta GA 30306,Atlanta,Fulton,Georgia,30306,,,,,,,,,-84.3523,33.7922,,N,N,N,N,N,-,N,N,N,N,N,N,N,N,N,N,N,N,N,N,N,N,N,N,N,N,N,N,N,N,N,N,N,N,N,Jun  7 2010 12:46PM
1004272,Peachtree Road Farmers Market,http://www.peachtreeroadfarmersmarket.com,https://www.facebook.com/PtreeFarmersMkt,https://twitter.com/PtreeFarmersMkt,,www.peachtreeroadfarmersmarket.blogspot.com,2744 Peachtree Rd,Atlanta,Fulton,Georgia,30305,04/11/2015 to 12/19/2015,Sat: 8:30 AM-12:00 PM;,,,,,,,-84.386034,33.831906,,Y,N,N,N,Y,Y,Y,Y,Y,Y,Y,Y,Y,Y,Y,Y,N,Y,N,Y,Y,Y,Y,Y,N,N,Y,N,Y,Y,Y,Y,N,N,Y,3/19/2015 1:23:20 PM
1009975,Roswell Farmers and Artisans Market,http://www.roswellfam.com,https://www.facebook.com/roswelfam,https://twitter.com/roswellfam,,,38 Hill Street,Roswell,Fulton,Georgia,30075,05/01/2016 to 10/29/2016,Sat: 8:00 AM-12:00 PM;,,,,,,,-84.358985,34.021933,,Y,N,N,N,Y,Y,Y,Y,Y,Y,Y,Y,Y,Y,Y,Y,N,Y,N,N,Y,Y,Y,Y,N,N,Y,N,Y,N,Y,Y,Y,N,N,6/27/2016 6:54:17 PM
1018189,Serenbe Farmers Market,https://serenbefarms.com/market,Serenbe Farmers Market,,,Instagram: @serenbemarket,9110 Selbourne Ln,Chattahoochee Hills ,Fulton,Georgia,30268,04/08/2017 to 11/18/2017,Sat: 9:00 AM-1:00 PM;,,,,,,,-84.755446,33.560554,,Y,N,N,N,N,-,Y,N,Y,Y,Y,N,N,Y,Y,Y,N,Y,N,Y,N,Y,Y,Y,N,N,Y,N,Y,N,Y,N,N,N,N,6/20/2017 2:42:27 PM
1011955,Sweet Apple Farmers & Artisans Market,http://www.Sweetapplefarmersmarket.com,Sweet Apple Farmers & Artisans Market,,,,320 Hardscrabble Road,Roswell,Fulton,Georgia,30075,04/01/2016 to 12/31/2016,Thu: 2:00 PM-6:00 PM;,01/01/2016 to 03/31/2016,Thu: 2:00 PM-5:00 PM;,,,,,-84.367314,34.072239,,Y,N,N,N,N,Y,Y,N,N,Y,Y,Y,Y,N,Y,Y,N,Y,N,N,Y,N,Y,Y,N,N,Y,Y,Y,N,Y,N,N,N,N,5/15/2016 11:55:15 AM
1002629,SWOOM Farmers Market at Atwood Community Gardens,http://www.herbnfarmatl.locallygrown.net,,,,,779 Atwood Street SW,Atlanta,Fulton,Georgia,30310,05/01/2012 to 11/31/2012,,,,,,,,-84.4296899,33.7341430,"On a farm from: a barn, a greenhouse, a tent, a stand, etc",Y,Y,N,Y,Y,-,N,N,N,N,N,N,N,N,N,N,N,N,N,N,N,N,N,N,N,N,N,N,N,N,N,N,N,N,N,3/14/2014 10:42:14 AM
1019697,The Fresh MARTA Market - Bankhead Rail Station   Wednesdays  3:00-7:00p.m.,https://www.itsmarta.com/marta-market.aspx,https://www.facebook.com/MARTAFresh/,,,,1335 Donald Lee Hollowell Parkway,Atlanta,Fulton,Georgia,,05/08/2019 to 12/04/2019,Wed: 3:00 PM-7:00 PM;,,,,,,,-84.426967,33.773326,,Y,N,N,N,Y,Y,N,N,N,N,N,N,N,Y,N,N,N,N,N,N,N,N,Y,N,N,N,N,N,Y,N,Y,N,N,N,N,9/16/2019 4:45:39 PM
1019700,The Fresh MARTA Market - College Park Rail Station   Thursdays  3:00-7:00p.m.,https://www.itsmarta.com/marta-market.aspx,https://www.facebook.com/MARTAFresh/,,,,3800 Main Street,College Park ,Fulton,Georgia,30337,05/02/2019 to 12/05/2019,Thu: 3:00 PM-7:00 PM;,,,,,,,-84.46008,33.638149,,Y,N,N,N,Y,Y,N,N,N,N,N,N,N,Y,N,N,N,N,N,N,N,N,N,N,N,N,N,N,Y,N,Y,N,N,N,N,9/16/2019 4:41:20 PM
1019699,The Fresh MARTA Market - Five Points Rail Station   Fridays  3:00-7:00p.m.,https://www.itsmarta.com/marta-market.aspx,https://www.facebook.com/MARTAFresh/,,,,30 Alabama Street SW,Atlanta,Fulton,Georgia,30303,04/26/2019 to 12/06/2019,Fri: 3:00 PM-7:00 PM;,,,,,,,-84.390574,33.755202,,Y,N,N,N,Y,Y,N,N,N,N,N,N,N,Y,N,N,N,N,N,N,N,N,N,N,N,N,N,N,Y,N,Y,N,N,N,N,9/16/2019 4:35:02 PM
1019698,The Fresh MARTA Market - H.E. Holmes Rail Station   Wednesdays  3:00-7:00p.m.,https://www.itsmarta.com/marta-market.aspx,https://www.facebook.com/MARTAFresh/,,,,70 Hamilton E. Holmes,Atlanta,Fulton,Georgia,30311,05/01/2019 to 12/04/2019,Wed: 3:00 PM-7:00 PM;,,,,,,,-84.476405,33.764764,,Y,N,N,N,Y,Y,N,N,N,N,N,N,N,Y,N,N,N,N,N,N,N,N,N,N,N,N,N,N,Y,N,Y,N,N,N,N,9/16/2019 4:29:45 PM
1019696,The Fresh MARTA Market - Tuesdays - West End Station,https://www.itsmarta.com/marta-market.aspx,https://www.facebook.com/MARTAFresh/,,,,,Atlanta,Fulton,Georgia,,04/23/2019 to 12/03/2019,Tue: 3:00 PM-7:00 PM;,,,,,,,-84.416667,33.728652,,Y,N,N,N,Y,-,N,N,N,N,N,N,N,Y,N,N,N,N,N,N,N,N,N,N,N,N,N,N,Y,N,Y,N,N,N,N,9/16/2019 4:36:48 PM
1004244,Gilmer County Farmers Market,,,,,,Broad Street,Ellijay,Gilmer,Georgia,30540,05/24/2014 to 10/04/2014,Sat: 8:00 AM-12:00 PM;,,,,,,,-84.482940,34.695193,"Faith-based institution (e.g., church, mosque, synagogue, temple)",N,N,N,N,N,N,Y,N,Y,Y,Y,N,Y,Y,Y,Y,N,N,N,N,Y,N,Y,Y,Y,N,N,N,Y,N,N,N,N,N,N,3/31/2014 3:56:03 PM
1010051,Gordon Hospital's Creation Health Farmers Market,http://www.gordonhospital.com,Gordon Hospital,,,,1035 Red Bud Road,Calhoun ,Gordon,Georgia,30703,06/16/2016 to 08/18/2016,Thu: 5:00 PM-7:00 PM;,,,,,,,-84.926264,34.510188,,Y,N,N,N,N,Y,Y,Y,Y,Y,Y,N,Y,Y,Y,Y,N,N,N,N,N,N,N,Y,Y,N,N,N,Y,N,N,N,N,N,N,5/31/2016 11:20:45 AM
1002592,Cairo State Farmers Market,,,,,,1110 North Broad Street,Cairo,Grady,Georgia,31728,,,,,,,,,-84.208,30.8884,,N,N,N,N,N,-,N,N,N,N,N,N,N,N,N,N,N,N,N,N,N,N,N,N,N,N,N,N,N,N,N,N,N,N,N,2009
1008950,Grayson Farmers' Market,,https://www.facebook.com/GraysonFarmersMarket,,,,475 Grayson Parkway,Grayson,Gwinnett,Georgia,30017,01/08/2014 to 03/05/2014,Wed: 3:30 PM-7:30 PM;,03/12/2014 to 09/24/2014,Wed: 4:00 PM-7:00 PM;,,,,,-83.9579741,33.8931891,Local government building grounds,Y,N,N,N,N,-,Y,Y,N,Y,Y,N,Y,Y,Y,Y,N,Y,N,N,Y,Y,Y,Y,N,N,Y,N,Y,Y,N,Y,Y,N,N,5/19/2014 10:40:56 AM
1010221,Lawrenceville Farmers Market,http://www.lawrencevillefarmersmarket.com/,https://www.facebook.com/LawrencevilleFarmersMarket,,,,153 East Crogan St.,LAwrenceville,Gwinnett,Georgia,30046,06/07/2014 to 09/06/2014,Sun: 8:00 AM-12:00 PM;,,,,,,,-83.9872750,33.9564261,Private business parking lot,Y,N,N,N,N,Y,Y,N,N,N,N,N,Y,Y,Y,Y,N,N,N,N,Y,N,Y,Y,N,N,N,N,Y,N,N,N,N,Y,N,5/23/2014 11:52:29 AM
1003895,Lilburn Farmers Market,http://www.lilburnfarmersmarket.org,https://www.facebook.com/pages/Lilburn-Farmers-Market/119935894713020,https://twitter.com/LilburnFarmMkt,,,1400 Killian Hill Road,Lilburn,Gwinnett,Georgia,30047,06/03/2016 to 08/26/2016,Fri: 4:00 PM-8:00 PM;,,,,,,,-84.081967,33.859596,,Y,N,N,N,Y,-,Y,Y,Y,Y,Y,Y,Y,Y,Y,Y,Y,Y,N,Y,Y,Y,Y,Y,N,N,Y,N,Y,Y,Y,Y,N,N,N,2/23/2016 7:21:07 PM
1018216,Norcross Community Market,http://www.norcrosscommunitymarket.com/,https://www.facebook.com/norcrosscommunitymarket/,,,https://www.instagram.com/norcrosscommunitymarket/,5 College St.,Norcross ,Gwinnett,Georgia,30071,06/03/2017 to 08/26/2017,Sat: 9:00 AM-1:00 PM;,,,,,,,-84.211959,33.941514,,Y,N,N,Y,Y,Y,Y,Y,N,Y,Y,Y,Y,Y,Y,Y,N,Y,N,Y,N,Y,Y,Y,N,N,Y,N,Y,Y,Y,Y,N,N,N,6/20/2017 4:04:41 PM
1004654,Norcross Whistle Stop Farmer's Market,http://www.whistlestopfarmersmarket.com,,,,,"74 Park Drive, Thrasher Park, on Buchanan Street next to the railroad tracks",Norcross,Gwinnett,Georgia,30071,May to October,Tue:4:00 pm - 8:00 pm;,,,,,,,-84.0235,33.9617,Local government building grounds,N,N,N,N,N,Y,Y,Y,Y,N,N,N,Y,Y,Y,Y,N,Y,N,N,Y,N,Y,Y,N,N,N,N,N,N,N,N,N,N,N,3/1/2012 11:26:23 AM
1001467,Snellville Farmers Market,http://www.snellvillefarmersmarket.com,https://www.facebook.com/pages/Snellville-Farmers-Market/347626962230,,,,2342 Oak Road,Snellville,Gwinnett,Georgia,30078,06/03/2016 to 09/24/2016,Sat: 8:30 AM-12:30 PM;,,,,,,,-84.0160570,33.8580211,,Y,N,N,N,N,Y,Y,Y,Y,Y,Y,Y,Y,Y,Y,Y,N,N,N,Y,Y,N,Y,Y,N,N,Y,N,Y,Y,Y,Y,N,N,Y,6/27/2016 1:38:16 PM
1007379,Suwanee Farmers Market,http://www.suwanee.com,https://www.facebook.com/pages/City-of-Suwanee-Government/77661866892,,,,370 Highway 23,Suwanee,Gwinnett,Georgia,30024,05/03/2014 to 10/04/2014,Tue: 4:00 PM-7:00 PM;Sat: 8:00 AM-12:00 PM;,,,,,,,-84.063074,34.056513,Local government building grounds,N,N,N,N,N,N,Y,N,N,Y,Y,N,Y,N,Y,Y,N,Y,N,N,Y,Y,N,Y,Y,N,Y,N,Y,N,N,N,N,N,N,5/12/2014 1:27:48 PM
1008001,Clarkesville Farmers Market,http://www.clarkesvillefarmersmarket.com,www.facebook.com/clarkesvillefarmersmarket,,,,583 Grant St,Clarkesville,Habersham,Georgia,30523,05/04/2013 to 10/26/2013,Sat: 9:00 AM-12:00 PM;,,,,,,,-83.519221,34.617520,Private business parking lot,N,N,N,N,N,Y,Y,N,Y,Y,Y,N,Y,Y,N,Y,N,N,N,N,Y,Y,N,Y,N,N,N,N,Y,N,N,N,N,N,N,6/11/2013 10:15:50 PM
1003324,Northeast Georgia. Locally Grown.net - Habersham County site,http://www.northeastgeorgia.locallygrown.net,,,,,295 E. Green St.,Clarkesville,Habersham,Georgia,30523,April to December,Wed:5:00 PM - 7:00 PM;,,,,,,,-83.5231858,34.6164668,"Faith-based institution (e.g., church, mosque, synagogue, temple)",N,N,N,N,N,Y,Y,Y,N,Y,Y,Y,Y,Y,Y,N,N,Y,N,N,N,Y,Y,Y,N,N,N,N,N,N,N,N,N,N,N,4/27/2012 11:10:58 PM
1005420,Downtown Gainesville Market On The Square,http://www.hallfarmers.org,https://www.facebook.com/hallfarmers,,,,Main Street and Spring Street,Gainesville,Hall,Georgia,30501,05/31/2013 to 10/04/2013,Fri: 2:30 PM-6:30 PM;,,,,,,,-83.8271383,34.2988379,Other,Y,N,N,N,N,N,Y,Y,Y,Y,Y,N,Y,Y,Y,Y,N,Y,N,N,Y,Y,Y,Y,N,N,Y,N,Y,N,N,N,N,N,N,4/1/2014 10:14:02 AM
1001481,Hall County Farmers Market,http://www.hallfarmers.org,,,,,Jesse Jewell Pkwy SE and E Crescent Drive,Gainsville,Hall,Georgia,30503,,,,,,,,,-83.7906,34.3156,,N,N,N,N,N,-,N,N,N,N,N,N,N,N,N,N,N,N,N,N,N,N,N,N,N,N,N,N,N,N,N,N,N,N,N,2009
1010164,Northeast Georgia. Locally Grown.net - Hall County site,http://www.northeastgeorgia.locallygrown.net,,,,,322 Academy Street NE,Gainesville ,Hall,Georgia,30501,06/06/2014 to,Fri: 5:00 AM-7:00 PM;,,,,,,,-83.825185,34.302206,,Y,N,N,N,N,-,N,N,N,N,N,N,N,N,N,N,N,N,N,N,N,N,N,N,N,N,N,N,N,N,N,N,N,N,N,2013
1002551,Spout Springs Library Farmers Market,,https://www.facebook.com/SpoutspringsfarmersMarket,,,,6488 Spout Springs Road,Flowery Branch,Hall,Georgia,30542,05/02/2013 to 10/31/2013,Thu: 4:00 PM-7:00 PM;,,,,,,,-83.89486,34.15223,Other,Y,N,N,N,N,Y,Y,Y,Y,Y,Y,N,Y,Y,Y,Y,N,N,N,N,Y,N,Y,Y,Y,N,N,N,Y,N,N,N,N,N,N,6/27/2013 1:01:14 PM
1003665,Sewell Mill Community & Farmers Market,http://www.thesewellmill.org,https://www.facebook.com/pages/Sewell-Mill-Community-Farmers-Market/219477188119260,,,,126 Hamilton Ave,Bremen ,Haralson,Georgia,30110,05/01/2014 to 10/30/2014,Thu: 3:00 PM-6:00 PM;,,,,,,,-85.1459572,33.7215204,Other,Y,N,N,N,Y,Y,Y,Y,Y,Y,Y,N,Y,Y,Y,Y,N,Y,N,N,Y,N,Y,Y,Y,N,Y,N,Y,N,N,N,N,N,N,4/16/2014 2:19:42 PM
1003561,Callaway Gardens Farmers Market,http://www.callawaygardens.com/info/calendar/calendar.farmers-market.event.aspx,,,,,"U. S. Hwy. 27, Callaway Gardens Beach Gate",Pine Mountain,Harris,Georgia,31822,06/01/2012 to 10/31/2012,,,,,,,,-84.846618,32.847217,Other,Y,N,N,N,N,-,N,N,N,N,N,N,N,N,N,N,N,N,N,N,N,N,N,N,N,N,N,N,N,N,N,N,N,N,N,3/31/2014 3:49:02 PM
1001215,Oakhurst Farm Farmers Market,http://www.oakhurstfarmersmarket.com,,,,,19706 GA HWY 219,West Point,Harris,Georgia,31833,January to December,Mon:8:00 PM - 6:00 PM;Tue:8:00 AM - 6:00 PM;Wed:8:00 AM - 6:00 PM;Thu:8:00 AM - 6:00 PM;Fri:8:00 AM - 6:00 PM;Sat:8:00 AM - 6:00 PM;,,,,,,,-85.0357572,32.8644859,"On a farm from: a barn, a greenhouse, a tent, a stand, etc",Y,N,N,N,N,Y,Y,Y,Y,Y,Y,N,Y,Y,Y,Y,N,Y,Y,Y,Y,Y,N,Y,Y,N,N,N,N,N,N,N,N,N,N,5/29/2012 4:46:18 PM
1001111,Hartwell Farmers Market,,,,,,Intersection of Carter & Howell Streets,Hartwell,Hart,Georgia,30643,April to November,Sat:7:00 AM - 12:00 PM;,,,,,,,-82.9308839,34.3522048,Private business parking lot,N,Y,Y,N,N,-,Y,N,N,N,Y,N,Y,Y,Y,Y,N,N,N,Y,Y,N,N,Y,Y,N,N,N,N,N,N,N,N,N,N,5/29/2012 3:25:57 PM
1018800,Centerville Farmer's Market ,http://www.centervillega.org/events/event/centerville-farmers-market/,https://www.facebook.com/CenterParkatCenterville/,,,,103 East Church Street,Warner Robins,Houston,Georgia,31028,08/12/2017 to 08/12/2017,Sat: 8:00 AM-12:00 PM;,,,,,,,-83.686354,32.624810,,Y,N,N,N,N,-,Y,N,N,N,N,N,N,Y,Y,Y,N,N,N,N,N,N,N,Y,N,N,N,N,Y,N,N,N,N,N,N,8/8/2017 10:05:59 AM
1003121,International City Farmers Market,http://www.landtohand.org/farmers-market/icfarmersmarket/,https://www.facebook.com/InternationalCityFarmersMarket?ref=br_tf,,,,105 Mulberry St (Perkins Field),Warner Robins,Houston,Georgia,31093,01/08/2015 to 12/22/2015,Thu: 1:00 PM-6:00 PM;,,,,,,,-83.610420,32.618882,,Y,N,N,N,Y,-,Y,Y,Y,Y,Y,Y,Y,Y,Y,Y,N,Y,N,Y,Y,Y,Y,Y,Y,N,Y,N,Y,Y,N,N,Y,N,N,5/9/2016 12:26:55 PM
1010036,Perry Farmers' Market,http://www.downtownperry.com,,,,,1106 Meeting Street,Perry,Houston,Georgia,31069,05/03/2014 to 09/27/2014,Sat: 8:00 AM-12:00 PM;,,,,,,,-83.7318893,32.4602501,Local government building grounds,N,N,N,N,N,-,Y,Y,N,N,N,N,N,Y,Y,Y,N,Y,N,N,N,N,N,N,N,N,N,N,Y,N,N,N,N,N,N,4/24/2014 11:48:35 AM
1011951,Jefferson Farmers Market,http://www.jeffersonfarmersmarket.com,www.facebook.com/Jefferson-Farmers-Market-1731029137110076/,,,,Sycamore & Gordon Street,Jefferson,Jackson,Georgia,30549,06/04/2016 to 09/24/2016,Sat: 8:00 AM-12:00 PM;,,,,,,,-83.572906,34.117327,,Y,N,N,N,N,-,Y,N,Y,Y,N,N,Y,Y,Y,Y,N,N,N,N,N,N,Y,Y,N,N,N,N,Y,N,N,N,N,N,Y,5/11/2016 4:48:32 PM
1019432,Monticello Market on the Square,https://jaspercountycoc.com/events/market-on-the-square/,https://www.facebook.com/monticellogafarmersmarket,,,,119 W Washington Street,Monticello,Jasper,Georgia,31064,05/04/2019 to 09/28/2019,Sat: 8:00 AM-12:30 PM;,,,,,,,-83.684074,33.304463,,Y,N,N,N,N,-,Y,N,Y,Y,Y,N,Y,Y,Y,Y,N,N,N,N,Y,N,Y,Y,Y,N,N,N,Y,N,N,N,N,N,N,3/18/2019 2:50:25 PM
1010485,Millen Produce Market,,Main Street Millen,,,,Cotton Avenue,Millen ,Jenkins,Georgia,30442,05/01/2018 to 10/30/2018,Tue: 3:00 PM-6:00 PM;,,,,,,,-81.936127,32.802685,,Y,N,N,N,N,Y,Y,N,N,N,N,N,N,Y,Y,N,N,N,N,Y,N,N,N,N,N,N,N,N,Y,N,N,N,N,N,N,7/27/2018 11:55:06 AM
1000353,Barnesville/Lamar County Farmers Market,,,,,,Market Street,Barnesville,Lamar,Georgia,30204,,,,,,,,,-84.1573,33.0515,,N,N,N,N,N,-,N,N,N,N,N,N,N,N,N,N,N,N,N,N,N,N,N,N,N,N,N,N,N,N,N,N,N,N,N,May 19 2010  2:32PM
1007520,Market on Madison,,,,,,314 Madison Street,Dublin,Laurens County,Georgia,,,,,,,,,,-82.9058,32.5381,,N,N,N,N,N,-,N,N,N,N,N,N,N,N,N,N,N,N,N,N,N,N,N,N,N,N,N,N,N,N,N,N,N,N,N,2011
1019669,Hinesville Farmers Market ,,https://www.facebook.com/hinesvillefarmersmarket/?ref=aymt_homepage_panel&eid=ARD0szjrieT0U1nAUmLT5Gyh_giCODZ5TaoqN9AkJlW3lxm6eodoZSI-q1j5Dest8KQiuY-mukmFMDXS,,,,"S Commerce St, Hinesville, GA 31313",Hinesville,Liberty,Georgia,31313,03/07/2019 to 10/31/2019,Thu: 3:00 PM-7:00 PM;,,,,,,,-81.595690,31.846772,,Y,N,N,N,Y,N,Y,Y,Y,Y,Y,Y,Y,Y,Y,Y,N,N,N,Y,Y,N,Y,Y,N,N,N,N,Y,N,N,N,N,N,N,8/5/2019 12:01:25 PM
1000171,Downtown Valdosta Farm Days,http://www.valdostamainstreet.com/activities/farm-days/,,,,,100 E. Central Ave,Valdosta,Lowndes,Georgia,31601,05/04/2013 to 10/19/2013,Sat: 9:00 AM-1:00 PM;,,,,,,,-83.279103,30.832295,Local government building grounds,Y,N,N,N,Y,-,Y,Y,Y,Y,Y,N,Y,Y,Y,Y,Y,N,N,N,Y,N,Y,Y,Y,N,N,N,Y,N,N,N,N,N,N,6/18/2013 11:02:41 AM
1004443,KNOW YOUR FARMER KNOW YOUR FOOD FARMERS MARKET,,,,,,1409 Old Lake Park Road,Valdosta,Lowndes,Georgia,31602,,,,,,,,,-83.2004,30.7396,Private business parking lot,N,Y,Y,Y,N,Y,N,Y,N,Y,N,N,N,Y,Y,Y,Y,N,N,Y,Y,N,N,N,N,N,N,N,N,N,N,N,N,N,N,6/13/2011 5:40:44 PM
1004669,Valdosta Farmers Market,,,,,,South Patterson St.,Valdosta,Lowndes,Georgia,31601,01/01/2013 to 12/31/2013,Mon: 8:00 AM-6:00 PM;Tue: 8:00 AM-6:00 PM;Wed: 8:00 AM-6:00 PM;Thu: 8:00 AM-6:00 PM;Fri: 8:00 AM-6:00 PM;Sat: 8:00 AM-6:00 PM;Sun: 8:00 AM-6:00 PM;,,,,,,,-83.2644,30.8138,Federal/State government building grounds,Y,N,N,N,N,N,N,Y,Y,N,Y,Y,N,Y,Y,Y,Y,Y,N,N,N,N,N,N,N,N,N,N,Y,N,N,N,N,N,N,6/28/2013 11:16:16 AM
1004545,Dahlonega Farmers Market,http://www.dahlonegadda.org,https://www.facebook.com/DahlonegaFarmersMarket,,,,Hancock Park,Dahlonega,Lumpkin,Georgia,30533,05/03/2014 to 10/11/2014,Tue: 8:00 AM-12:00 PM;Sat: 8:00 AM-12:00 PM;,,,,,,,-83.985219,34.533726,Local government building grounds,N,N,N,N,N,-,Y,N,N,Y,Y,N,Y,Y,Y,Y,N,N,N,N,Y,N,Y,N,Y,N,Y,Y,Y,Y,N,N,N,N,N,3/31/2014 9:47:09 PM
1010427,Forsyth Farmers Market,http://www:cityofforsyth.net,Forsyth Main Street,,,,North Jackson Street ,Forsyth,Monroe,Georgia,31029,05/01/2015 to 10/30/2015,Fri: 12:00 PM-6:00 PM;,,,,,,,-83.939704,33.036661,,Y,N,N,N,N,-,Y,Y,Y,N,Y,N,N,Y,Y,Y,Y,N,N,Y,N,N,N,Y,N,N,N,N,Y,N,Y,N,Y,N,N,4/2/2015 1:03:32 PM
1000234,Uptown Columbus Market Days,http://www.uptowncolumbusga.com,,,,,Broadway,Columbus,Muscogee,Georgia,31901,04/05/2013 to 11/30/2013,Sat: 9:00 AM-12:00 PM;,,,,,,,-84.993217,32.466540,Other,N,N,N,N,N,-,Y,N,Y,Y,Y,N,Y,Y,Y,Y,N,Y,N,N,Y,Y,N,Y,Y,N,N,N,Y,N,N,N,N,N,N,7/11/2013 4:19:57 PM
1008012,Oconee Farmers Market,http://www.oconeefarmersmarket.org,https://www.facebook.com/TheOconeeFarmersMarket/info,,,,23 North Main Street,Watkinsville,Oconee,Georgia,30677,04/05/2014 to 11/29/2014,Sat: 8:00 AM-1:00 PM;,,,,,,,-83.4097748,33.8635033,Local government building grounds,Y,N,N,N,N,Y,Y,Y,Y,Y,Y,N,Y,Y,Y,Y,N,Y,N,Y,Y,Y,N,N,Y,N,N,N,Y,N,N,Y,Y,N,N,3/18/2014 1:26:25 PM
1009655,Oconee Farmers Market-Midweek Market,http://www.oconeefarmersmarket.org,https://www.facebook.com/TheOconeeFarmersMarket/info,,,,4 North Main Street,Watkinsville,Oconee,Georgia,30677,05/13/2014 to 09/30/2014,Tue: 4:00 PM-7:00 PM;,,,,,,,-83.408395,33.862475,"Faith-based institution (e.g., church, mosque, synagogue, temple)",Y,N,N,N,N,-,Y,Y,Y,Y,Y,N,Y,Y,Y,Y,N,Y,N,N,Y,Y,N,Y,Y,N,N,N,Y,N,N,Y,N,N,N,3/18/2014 1:47:27 PM
1007775,Oglethorpe Fresh,http://www.oglethorpefresh.com/,https://www.facebook.com/pages/Oglethorpe-Fresh/118849704824147,,,,111 South Platt Street,Lexington,Oglethorpe,Georgia,30648,01/01/2015 to 12/31/2015,Sat: 8:30 AM-12:30 PM;,,,,,,,-83.111168,33.869022,,Y,N,N,N,Y,Y,Y,N,Y,Y,Y,N,Y,Y,Y,Y,N,Y,N,Y,Y,Y,N,Y,Y,N,N,N,Y,Y,N,N,N,N,N,7/27/2015 4:52:58 PM
1008820,Paulding County Farm Bureau Farmers Market,http://www.localharvest.org/paulding-county-farm-bureau-farmers-market-M40863,https://www.facebook.com/pages/Paulding-County-Farm-Bureau-Farmers-Markets/196057580432234,,,,"4075 Charles Hardy Pkway,",Dallas,Paulding,Georgia,30157,06/04/2014 to 07/29/2014,Tue: 3:00 PM-7:00 PM;,,,,,,,-84.725871,33.934719,Private business parking lot,Y,N,N,N,N,-,Y,Y,Y,Y,Y,Y,Y,Y,Y,Y,N,Y,N,Y,Y,N,N,Y,N,N,N,N,Y,N,N,N,N,N,N,4/6/2014 3:07:30 PM
1006851,Paulding County Farm Bureau Farmers Market - Winter,,https://www.facebook.com/pages/Paulding-County-Farm-Bureau-Farmers-Markets/196057580432234,,,,"4075 Charles Hardy Pkway,",Dallas,Paulding,Georgia,30157,04/17/2014 to 11/20/2014,Thu: 3:00 PM-7:00 PM;,,,,,,,-84.725959,33.934596,Private business parking lot,Y,N,N,N,N,N,Y,Y,Y,Y,Y,N,Y,Y,Y,Y,N,N,N,N,Y,N,N,Y,N,N,N,N,Y,N,Y,Y,Y,N,N,4/6/2014 11:19:20 AM
1005784,Fort Valley Farmers' Market,http://www.fortvalleymainstreet.org,,,,,East Main Street & 117 A Lowe Street,Fort Valley,Peach,Georgia,31030,,Sat: 8:00 AM-1:00 PM;,,,,,,,-83.8854831,32.5530113,,Y,N,N,N,N,-,N,N,Y,N,N,N,N,Y,N,N,N,N,N,N,N,N,N,N,N,N,N,N,Y,N,N,N,N,N,N,3/19/2015 11:28:07 AM
1008299,Jasper Farmers Market,,https://www.facebook.com/JasperFarmersMarket/,,,,"Park and Ride, Stegall Drive",Jasper ,Pickens,Georgia,30143,04/07/2018 to 12/22/2018,Sat: 7:30 AM-12:00 PM;,,,,,,,-84.4343796,34.4674700,,Y,N,N,N,N,-,Y,Y,Y,Y,Y,N,Y,Y,Y,Y,Y,Y,N,Y,Y,Y,Y,Y,Y,N,Y,N,Y,N,N,N,N,N,N,7/26/2018 4:10:14 PM
1000508,Market on the Square,,,,,,Hwy 18E and Hwy 19N,Zebulon,Pike,Georgia,30295,04/05/2014 to 10/25/2014,Sat: 8:00 AM-12:00 PM;,,,,,,,-84.3424,33.1023,Private business parking lot,N,N,N,N,N,N,Y,N,Y,N,N,N,N,Y,N,Y,N,N,N,N,Y,N,N,N,N,N,N,N,Y,N,N,N,N,N,N,4/23/2014 8:52:02 AM
1012554,The Wednesday Market,http://www.wednesdaymarket.locallygrown.net,The Wednesday Market,,,,139 Adams Street,Zebulon,Pike,Georgia,30295,01/01/2016 to 12/31/2016,Wed: 3:00 PM-6:00 PM;,,,,,,,-84.343912,33.103356,,Y,N,N,N,N,Y,Y,Y,Y,Y,Y,Y,Y,Y,Y,Y,N,Y,N,Y,Y,Y,Y,Y,Y,N,N,N,Y,Y,N,N,Y,N,N,7/13/2016 9:02:50 PM
1019033,Rockmart Farmers Market,http://RockmartFarmersMarket.com,https://www.facebook.com/rockmartfarmersmarket/,,,,108 Water St.,Rockmart,Polk,Georgia,30153,01/01/2018 to 12/31/2018,Thu: 2:00 PM-6:00 PM;,,,,,,,-85.053094,33.997669,,Y,N,N,N,Y,Y,Y,Y,Y,Y,Y,N,Y,Y,Y,Y,N,Y,N,Y,Y,Y,N,Y,Y,N,Y,N,Y,N,Y,Y,Y,N,N,3/30/2018 8:43:49 PM
1003805,Hawkinsville River Market,,https://www.facebook.com/pages/Hawkinsville-River-Market/614156468617517?hc_location=timeline,,,,BROAD STREET,HAWKINSVILLE,Pulaski,Georgia,31036,01/01/2012 to 12/31/2012,,,,,,,,-83.4737,32.2815,Local government building grounds,N,Y,Y,N,N,Y,N,N,N,N,N,N,N,N,N,N,N,N,N,N,N,N,N,N,N,N,N,N,N,N,N,N,N,N,N,3/17/2014 12:04:02 PM
1003804,Ocmulgee Market,,,,,,Broad Street,HAWKINSVILLE,Pulaski,Georgia,31036,September to September,Tue:8:00 am - 6:30 pm;Thu:8:00 am - 6:30 pm;Sat:0:00 pm - 0:00 pm;,,,,,,,-83.475289,32.280896,Private business parking lot,N,Y,N,N,N,Y,Y,N,Y,N,N,Y,Y,Y,Y,Y,N,Y,N,Y,N,N,Y,Y,N,N,N,N,N,N,N,N,N,N,N,1/18/2012 3:28:20 PM
1006158,The Ga Farmers Market at The Village at Harmony Crossing,http://www.vharmonycrossing.com/news/farmers-market-returns-harmony-crossing,,,,,Harmony Crossing,Eatonton,Putnam,Georgia,31024,05/04/2013 to 09/28/2013,Sat: 8:00 AM-12:00 PM;,,,,,,,-83.2681730,33.4235740,Other,Y,N,N,N,N,-,Y,N,Y,N,Y,Y,Y,Y,Y,Y,N,Y,N,Y,N,Y,Y,Y,Y,N,N,N,Y,N,N,N,N,N,N,3/14/2014 10:44:59 AM
1018298,Clayton Farmers Market,,,,,,46 Plaza Way,Clayton ,Rabun,Georgia,30525,04/29/2017 to 11/04/2017,Sat: 9:00 AM-12:30 PM;,,,,,,,-83.397909,34.876972,,Y,N,N,N,N,Y,Y,N,Y,Y,Y,N,Y,Y,Y,Y,Y,N,N,Y,Y,N,Y,Y,N,N,Y,N,Y,Y,N,Y,Y,N,Y,6/21/2017 12:12:43 PM
1003325,Northeast Georgia. Locally Grown.net - Rabun County site,http://www.northeastgeorgia.locallygrown.net,,,,,63 Mill Gap Lane,Tiger,Rabun,Georgia,30576,01/01/2014 to 12/31/2014,Wed: 5:00 AM-7:00 PM;,,,,,,,-83.4268816,34.8626154,Other,N,N,N,N,Y,Y,Y,Y,Y,Y,Y,N,Y,Y,Y,Y,N,Y,N,N,Y,Y,Y,Y,Y,N,Y,Y,Y,Y,N,N,Y,N,Y,5/19/2014 11:05:31 AM
1012577,Simply Homegrown:  A Farmers' Market,http://www.rabunmarket.com,"simplyhomegrown, a farmers market",,,,837 hwy. 76w,clayton,Rabun,Georgia,30525,04/01/2016 to 10/29/2016,Sat: 9:00 AM-1:00 PM;,,,,,,,-83.4665588,34.8703554,,Y,N,N,N,N,Y,Y,N,Y,Y,Y,N,Y,Y,Y,Y,N,N,N,N,Y,N,N,Y,N,N,N,N,Y,N,N,N,N,N,N,7/14/2016 12:10:31 PM
1000870,Augusta State Farmer's Market,http://WWW.AGR.GEORGIA.GOV,,,,,1150 5TH STREET,AUGUSTA,Richmond,Georgia,30901,January to December,Mon:7:00 AM - 7:00 PM;Tue:7:00 AM - 7:00 PM;Wed:7:00 AM - 7:00 PM;Thu:7:00 AM - 7:00 PM;Fri:7:00 AM - 7:00 PM;Sat:7:00 AM - 3:30 PM;,,,,,,,-81.9641247,33.4625140,Federal/State government building grounds,Y,Y,Y,N,N,-,Y,Y,N,N,Y,Y,Y,Y,Y,Y,N,Y,N,Y,N,Y,N,N,Y,N,N,N,N,N,N,N,N,N,N,5/15/2012 10:17:18 AM
1005017,Saturday Farmers Market on Broad,,,,,,"Macartan St., beside Health Central",Augusta,Richmond,Georgia,30901,,,,,,,,,-81.9663,33.4729,,N,N,N,N,N,-,N,N,N,N,N,N,N,N,N,N,N,N,N,N,N,N,N,N,N,N,N,N,N,N,N,N,N,N,N,2009
1010619,Veggie Truck Farmers Market,http://www.theveggietruck.org/,https://www.facebook.com/pages/The-Veggie-Truck/334761463302824,,,,1850 Broad St.,Augusta,Richmond,Georgia,30904,03/25/2014 to 11/04/2014,Tue: 4:30 PM-7:00 PM;,,,,,,,-81.995824,33.485053,,Y,N,N,N,Y,Y,Y,N,N,N,Y,N,Y,Y,Y,Y,N,N,N,N,Y,N,Y,N,N,N,N,N,Y,N,N,N,N,N,Y,9/29/2014 10:01:22 PM
1018730,Jazam natural farmer market ,,Jazam natural farmer market ,,,,319 w tinsley st,Griffin ,Spalding,Georgia,30223,,Fri: 10:00 AM-7:00 PM;Sat: 10:00 AM-7:00 PM;,,,,,,,-84.267144,33.253322,,Y,N,N,N,Y,-,Y,Y,N,N,Y,Y,Y,Y,Y,Y,Y,Y,N,Y,N,Y,N,N,N,N,Y,Y,Y,Y,Y,Y,N,N,Y,7/25/2017 10:14:04 AM
1002471,Lenny's Farmers Market,,https://www.facebook.com/DowntownAmericusGA,,,,110 North Hampton Street,Americus,Sumter,Georgia,31709,06/01/2013 to 08/31/2013,Tue: 7:00 AM-1:00 PM;Thu: 7:00 AM-1:00 PM;Sat: 7:00 AM-1:00 PM;,,,,,,,-84.236501,32.072463,Other,N,N,N,N,N,Y,Y,N,Y,Y,Y,N,Y,Y,Y,Y,N,N,N,N,Y,N,N,Y,N,N,N,N,Y,N,N,N,N,N,N,3/19/2014 5:23:43 PM
1018868,The Wesley Hicks/Telfair County Farmers' Market,,https://www.facebook.com/telfairfarmersmarket/,,,,139 North 3rd Avenue,McRae-Helena,Telfair,Georgia,31037,01/01/2017 to 12/31/2017,Sat: 9:00 AM-2:00 PM;,,,,,,,-82.896739,32.077410,,Y,N,N,N,N,N,Y,N,Y,N,Y,N,N,Y,Y,Y,N,N,N,N,Y,N,N,Y,N,N,N,N,Y,N,N,N,N,N,N,11/9/2017 11:08:19 PM
1004670,Thomasville State Farmers Market,,,,,,502 Smith Ave.,Thomasville,Thomas,Georgia,31792,01/01/2013 to 12/31/2013,Mon: 8:00 AM-6:00 PM;Tue: 8:00 AM-6:00 PM;Wed: 8:00 AM-6:00 PM;Thu: 8:00 AM-6:00 PM;Fri: 8:00 AM-6:00 PM;Sat: 8:00 AM-6:00 PM;,,,,,,,-83.9714,30.8355,Federal/State government building grounds,Y,N,N,N,N,N,N,Y,N,N,Y,N,Y,Y,Y,Y,Y,N,N,N,N,N,N,N,N,N,N,N,Y,N,N,N,N,N,N,6/28/2013 11:12:03 AM
1004326,Downtown Tifton Farmers' Market,http://downtowntifton.com/?page_id=9,"https://www.facebook.com/DowntownTiftonFarmersMarket""or""www.downtowntifton.com",,,,120 S. Tift Ave.,Tifton,Tift,Georgia,31794,05/18/2013 to 10/12/2013,Sat: 9:00 AM-12:30 PM;,,,,,,,-83.508489,31.452692,Local government building grounds,N,Y,Y,N,Y,-,Y,Y,Y,N,Y,N,N,Y,Y,Y,N,N,N,N,Y,N,Y,Y,Y,N,N,N,Y,N,N,N,N,N,N,7/2/2013 11:56:47 AM
1005975,The Market at Rutland Farms,http://www.rutlandfarms.com,,,,,5641 Union Rd.,Tifton,Tift,Georgia,31794,01/01/2016 to 12/31/2016,Mon: 9:00 AM-6:00 PM;Tue: 9:00 AM-6:00 PM;Wed: 9:00 AM-6:00 PM;Thu: 9:00 AM-6:00 PM;Fri: 9:00 AM-6:00 PM;Sat: 9:00 AM-6:00 PM;,,,,,,,-83.499763,31.344282,,Y,N,N,N,N,N,Y,N,N,N,N,N,N,Y,Y,Y,Y,N,N,Y,N,N,N,Y,N,Y,Y,N,Y,N,Y,N,N,N,N,6/27/2016 5:53:29 PM
1004296,Wiregrass Farmers Market,http://www.wiregrassfarmersmarket.wordpress.com/,,,,,1392 Whiddon Mill Rd.,Tifton,Tift,Georgia,31793,April to October,Sat:9:00 AM - 12:00 PM;,,,,,,,-83.533784,31.464378,Educational institution,N,N,N,N,N,N,Y,N,Y,Y,Y,N,Y,Y,Y,Y,N,N,Y,Y,Y,N,N,Y,N,N,N,N,N,N,N,N,N,N,N,5/29/2012 4:44:26 PM
1000411,Towns County Farmers Market,,https://www.facebook.com/TownsCountyFarmersMarket,,,,Hwy 76 West,Hiawassee,Towns,Georgia,30546,06/01/2013 to 10/31/2013,Fri: 5:30 PM-7:30 PM;Sat: 9:00 AM-1:00 PM;,,,,,,,-83.771331,34.963227,Local government building grounds,Y,N,N,N,N,Y,Y,N,Y,Y,Y,N,Y,Y,Y,Y,N,N,N,Y,Y,N,N,Y,Y,N,N,N,Y,N,N,N,N,N,N,3/13/2014 10:10:40 PM
1019215,Union County Farmers Market,http://ucfarmersmarket.com,,,,,148 Old Smokey Rd,Blairsville,Union,Georgia,30512,06/02/2018 to 10/27/2018,Tue: 2:00 PM-6:00 PM;Sat: 7:00 AM-1:00 PM;,,,,,,,-83.9506972,34.8857201,,Y,N,N,N,N,Y,Y,Y,Y,Y,Y,N,Y,Y,Y,Y,N,N,N,Y,Y,N,Y,Y,Y,N,N,N,Y,Y,N,Y,N,N,N,8/6/2018 1:27:06 PM
1001063,Bluebird Market,http://www.bluebirdmarket.com,https://www.facebook.com/BluebirdMarket,,,,218 N. Center St.,Thomaston,Upson,Georgia,30286,January to December,Sat:8:00 am - 12:00 pm;,,,,,,,-84.3264,32.8906,Private business parking lot,N,N,N,N,N,-,N,N,N,N,N,N,N,N,N,N,N,N,N,N,N,N,N,N,N,N,N,N,N,N,N,N,N,N,N,4/4/2011 3:50:51 PM
1001457,The Rock Ranch Produce ,http://www.therockranch.com,,,,,5020 Barnesville Hwy,The Rock,Upson,Georgia,30285,04/01/2013 to 11/23/2013,Tue: 10:00 AM-5:00 PM;Wed: 10:00 AM-5:00 PM;Thu: 10:00 AM-5:00 PM;Fri: 10:00 AM-5:00 PM;Sat: 10:00 AM-5:00 PM;,,,,,,,-84.2304,32.9647,"On a farm from: a barn, a greenhouse, a tent, a stand, etc",Y,N,N,N,N,N,N,Y,Y,Y,Y,N,Y,Y,Y,Y,Y,Y,N,N,N,N,N,Y,N,N,N,N,Y,N,N,N,N,N,N,6/27/2013 12:36:30 PM
1003806,Battlefield Farmers Market,http://www.battlefieldfmkt.org,https://www.facebook.com/Battlefield-Farmers-Market,https://twitter.com/BFMKT,,,10052 Hwy. 27 N.,Rock Spring,Walker,Georgia,30739,05/07/2016 to 11/12/2016,Wed: 3:00 PM-6:00 PM;Sat: 8:00 AM-12:00 PM;,,,,,,,-85.248013,34.848803,,Y,N,N,N,Y,-,Y,N,Y,Y,Y,N,Y,Y,Y,Y,N,Y,N,Y,Y,Y,Y,Y,Y,N,N,N,Y,N,N,N,Y,N,Y,7/14/2016 11:40:25 PM
1011088,Lookout Farmers Market,http://LookoutFarmersMarket.org,Lookout Farmers Market,,,,1214 Lula Lake Road,Lookout Mountain ,Walker,Georgia,30750,04/18/2015 to 10/31/2015,Thu: 4:00 PM-7:00 PM;,,,,,,,-85.3579536,34.9778455,,Y,N,N,N,Y,Y,Y,Y,Y,Y,Y,N,Y,Y,Y,Y,N,Y,N,Y,Y,Y,Y,Y,Y,N,Y,N,Y,N,Y,Y,N,N,Y,4/28/2015 1:00:41 PM
1006072,Midland Avenue Produce Jam,,,,,, Midland Avenue,Monroe,Walton,Georgia,30655,April to September,Sat:8:30 am - 12:00 pm;,,,,,,,-83.712,33.7963,Private business parking lot,N,N,N,N,N,-,Y,N,N,Y,N,N,Y,Y,Y,Y,N,N,N,N,Y,N,N,N,N,N,N,N,N,N,N,N,N,N,N,4/13/2011 4:14:05 PM
1011267,Monroe Farmers Market,http://monroedowntownfarmersmarket.com,facebook.com/monroegafarmersmarket/,,,,Court St,Monroe,Walton,Georgia,30655,05/14/2016 to 10/08/2016,Sat: 8:30 AM-12:30 PM;,,,,,,,-83.7122260,33.7943330,,Y,N,N,N,Y,Y,Y,Y,Y,Y,Y,N,Y,Y,Y,Y,N,Y,N,Y,Y,Y,Y,Y,Y,N,Y,N,Y,N,Y,Y,Y,N,Y,6/27/2016 6:12:19 PM
1011229,Way Green Local Fare Market,http://www.waygreen.wix.com/waygreen,https://www.facebook.com/WayxGreen/,,,Instagram @WayxGreen,1460 n Augusta Ave,Waycross,Ware,Georgia,31503,05/05/2018 to 11/03/2018,Sun: 9:00 AM-12:00 PM;,,,,,,,-82.3818511,31.2357520,,Y,N,N,N,N,-,Y,Y,Y,Y,Y,Y,N,Y,Y,Y,N,Y,N,N,N,Y,Y,Y,N,N,Y,N,N,N,N,N,N,N,N,7/26/2018 3:22:43 PM
1011907,Wayne County Farmers Market,http://www.thewcfm.org,https://www.facebook.com/thewcfm,,,,533 N. 1st Street,Jesup,Wayne,Georgia,31545,04/01/2016 to 10/29/2016,Fri: 1:00 PM-7:00 PM;Sat: 9:00 AM-1:00 PM;,,,,,,,-81.8821369,31.6100323,,Y,N,N,N,Y,-,Y,Y,N,N,Y,N,Y,Y,N,Y,N,N,N,N,Y,N,N,N,N,N,N,N,Y,Y,N,N,N,N,N,4/28/2016 3:39:53 PM
1004675,White County Farmers Market,,,,,,66 East Kytle Street,Cleveland,White,Georgia,30528,06/01/2012 to 09/31/2012,Sat: 8:00 AM-12:00 PM;,,,,,,,-83.761911,34.596317,Local government building grounds,Y,N,N,N,N,-,Y,Y,Y,Y,Y,N,N,Y,Y,Y,Y,Y,N,N,Y,Y,N,N,Y,N,N,N,Y,N,N,N,N,N,N,4/1/2014 2:36:36 PM
1012519,Downtown Dalton Farmers Market,http://www.downtowndalton.com,Downtown Dalton Farmers Market,,,,117 North Selvidge Street,Dalton,Whitfield,Georgia,30720,05/07/2016 to 08/27/2016,Tue: 4:00 PM-7:00 PM;Sat: 8:00 AM-12:00 PM;,,,,,,,-84.9709565,34.7717460,,Y,N,N,N,Y,N,Y,N,Y,N,Y,N,Y,Y,Y,Y,N,N,N,N,N,N,N,Y,N,N,N,N,Y,N,N,N,N,N,N,7/13/2016 10:31:13 AM
1005774,Washington Farmers Market,,,,,,111 N. Allison St,Washington,Wilkes,Georgia,,,,,,,,,,-82.7407,33.7372,,N,N,N,N,N,-,N,N,N,N,N,N,N,N,N,N,N,N,N,N,N,N,N,N,N,N,N,N,N,N,N,N,N,N,N,2009
1018515,The Green Market,http://www.greenmarketmilledgeville.com/,https://www.facebook.com/GreenMarketMilledgeville/,https://twitter.com/MillyGMarket,https://www.youtube.com/channel/UCQMJHH9_IK_3tC42i1ENjOA,https://www.instagram.com/the_green_market/,222 East Hancock Street,Milledgeville,Wilkinson,Georgia,31061,01/07/2017 to 12/16/2017,Sat: 9:00 AM-12:00 PM;,,,,,,,-83.224575,33.082101,,Y,N,N,N,Y,Y,Y,Y,Y,Y,Y,Y,Y,Y,Y,Y,N,Y,N,N,Y,Y,N,Y,N,N,Y,N,Y,Y,N,Y,Y,N,N,7/3/2017 3:49:20 PM
1011035,"Downtown Sylvester Farmers Market, INC.",,https://www.facebook.com/DowntownSylvesterFarmersMarket,,,,101 S. Main Street,Sylvester ,Worth,Georgia,31791,06/06/2015 to 11/28/2015,Sat: 8:00 AM-1:00 PM;,,,,,,,-83.8356554,31.5252235,,Y,N,N,N,Y,Y,Y,Y,N,N,N,N,N,Y,Y,N,Y,N,N,N,N,N,N,N,N,N,N,N,Y,N,N,N,N,N,N,4/14/2015 12:38:51 PM
1009491,Berkeley Lakeside Market,http://www.berkeleylakesidemarket.mudfairyfarm.com/,https://www.facebook.com/BerkeleyLakesideMarket,,,,4043 South Berkeley Lake Rd,Berkeley Lake,,Georgia,30096,,,,,,,,,-84.1883,33.9851,,Y,N,N,N,N,-,N,N,N,N,N,N,N,N,N,N,N,N,N,N,N,N,N,N,N,N,N,N,N,N,N,N,N,N,N,2013
1009208,Cochran Farmers Market ,http://www.localharvest.org/cochran-farmers-market-M44572,,,,,112 N Second Street (on the courthouse lawn),Cochran,,Georgia,31014,,,,,,,,,-83.3588,32.3928,,Y,N,N,N,N,-,N,N,N,N,N,N,N,N,N,N,N,N,N,N,N,N,N,N,N,N,N,N,N,N,N,N,N,N,N,2013
1007707,Dunwoody Green Farmers Market,http://www.dunwoodygreenmarket.com/,,,,,1551 Dunwoody Village Parkway,Dunwoody,,Georgia,30338,,,,,,,,,-84.3324,33.948,,N,N,N,N,N,-,N,N,N,N,N,N,N,N,N,N,N,N,N,N,N,N,N,N,N,N,N,N,N,N,N,N,N,N,N,2009
1009496,Fall Line Farmers Market on First Fridays ,http://www.localharvest.org/fall-line-farmers-market-on-first-fridays-M58919,,,,,210 S. Wayne St.,Milledgeville,,Georgia,31061,,,,,,,,,-83.2266,33.0796,,Y,N,N,N,N,-,N,N,N,N,N,N,N,N,N,N,N,N,N,N,N,N,N,N,N,N,N,N,N,N,N,N,N,N,N,2013
2000004,Farm a la Carte,http://revivalfoods.com/pages/farm-a-la-carte,https://www.facebook.com/RevivalFoods,,,,,,,Georgia,,,,,,,,,,,,,Y,N,N,N,N,-,N,N,N,N,N,N,N,N,N,N,N,N,N,N,N,N,N,N,N,N,N,N,N,N,N,N,N,N,N,2013
2000010,Fulton Fresh Mobile Farmers Market,http://www.fultoncountyga.gov/latest-news/6106-fulton-fresh-mobile-farmers-market-opens-2013-season-on-wednesday-june-12th,,,,,,,,Georgia,,,,,,,,,,,,,Y,N,N,N,N,-,N,N,N,N,N,N,N,N,N,N,N,N,N,N,N,N,N,N,N,N,N,N,N,N,N,N,N,N,N,2013
1009209,Green Acres Farm Market ,,https://www.facebook.com/GreenAcresFarmMarket,,,,8865 Highway 53,Braselton,,Georgia,30517,,,,,,,,,-83.7975,34.1444,,Y,N,N,N,N,-,N,N,N,N,N,N,N,N,N,N,N,N,N,N,N,N,N,N,N,N,N,N,N,N,N,N,N,N,N,2013
1009293,Greenway Farmers Market ,,https://www.facebook.com/MarketAtTheGreenway,,,,Oconee River Greenway,Milledgeville,,Georgia,31061,,,,,,,,,-83.2085,33.0815,,Y,N,N,N,N,-,N,N,N,N,N,N,N,N,N,N,N,N,N,N,N,N,N,N,N,N,N,N,N,N,N,N,N,N,N,2013
1009207,Jersey Jodi's Farmers Market ,http://www.jerseyjodimarket.com/#,,,,,2116 Adams Dr. NW,Atlanta,,Georgia,30318,,,,,,,,,-84.4548,33.8131,,Y,N,N,N,N,-,N,N,N,N,N,N,N,N,N,N,N,N,N,N,N,N,N,N,N,N,N,N,N,N,N,N,N,N,N,2013
1005873,Kauffman's Farmers Market,http://www.kauffmanfarmerket.com,,,,,1305 Mennonite Church Road,Montezuma,,Georgia,31063,,,,,,,,,-83.9813,32.3182,,N,N,N,N,N,-,N,N,N,N,N,N,N,N,N,N,N,N,N,N,N,N,N,N,N,N,N,N,N,N,N,N,N,N,N,2009
1009332,Main Street Newnan's Market Day,http://www.mainstreetnewnan.com/documents/2013cdmarketday.pdf,,,,,1 LaGrange Street,Newnan,,Georgia,30263,,,,,,,,,-84.8008,33.3721,,Y,N,N,N,N,-,N,N,N,N,N,N,N,N,N,N,N,N,N,N,N,N,N,N,N,N,N,N,N,N,N,N,N,N,N,2013
1009481,River Church Farmers Market ,http://www.localharvest.org/river-church-farmers-market-M53417,,,,,2335 Sixes Rd.,Canton,,Georgia,30114,,,,,,,,,-84.5385,34.163,,Y,N,N,N,N,-,N,N,N,N,N,N,N,N,N,N,N,N,N,N,N,N,N,N,N,N,N,N,N,N,N,N,N,N,N,2013
2000026,Riverview Farms of Ranger,http://www.grassfedcow.com/FarmMobile.html,https://www.facebook.com/farmmobile,,,,,,,Georgia,,,,,,,,,,,,,Y,N,N,N,N,-,N,N,N,N,N,N,N,N,N,N,N,N,N,N,N,N,N,N,N,N,N,N,N,N,N,N,N,N,N,2013
1002437,Sandy Springs Farmers Market,http://www.sandyspringsfarmersmarket.com,,,,,"235 Sandy Springs Circle NW, Parking lot of Former Target",Sandy Springs,,Georgia,30328,,,,,,,,,-84.3838,33.9185,,N,N,N,N,N,-,N,N,N,N,N,N,N,N,N,N,N,N,N,N,N,N,N,N,N,N,N,N,N,N,N,N,N,N,N,2009
1009353,Statham Farmers Market ,,https://www.facebook.com/stathamfarmersmarket,,,,Railroad Street,Statham,,Georgia,30666,,,,,,,,,-83.6024,33.9681,,Y,N,N,N,N,-,N,N,N,N,N,N,N,N,N,N,N,N,N,N,N,N,N,N,N,N,N,N,N,N,N,N,N,N,N,2013